sid,real,predict,prob,flag
2910202033,0,0,0.6945497781,0
2010071010015,0,0,0.9550009166,0
2010033050006,0,0,0.9508819368,0
2010084020025,0,0,0.9775997925,0
2902108012,0,0,0.893249582,0
2010080040009,0,0,0.8659772893,0
2010080040021,0,0,0.7827105931,0
2010071050025,0,0,0.8774911735,0
2010030030031,0,0,0.9845882184,0
2903001032,0,0,0.9393385124,0
2902109013,0,0,0.9501044976,0
2913103006,0,0,0.6945497781,0
2010052010017,0,0,0.9150736882,0
2908008010,0,0,0.9494602518,0
2010012010029,0,0,0.9042507126,0
2909102005,0,0,0.9482465331,0
2010073030001,0,0,0.977623651,0
2901309032,1,1,0.4783657822,3
2901311018,0,0,0.9646233958,0
2903305017,0,0,0.9574591868,0
2010013060016,0,0,0.9466320186,0
2010033010002,0,0,0.9756326414,0
2010021110005,1,0,0.886682526,2
2010111040029,0,0,0.971963919,0
2010033030018,0,0,0.9646395696,0
2911103011,0,0,0.9781375646,0
2010127020022,0,0,0.9057760137,0
2010102010024,0,0,0.8962542759,0
2010013010004,0,0,0.9837513408,0
2911101030,0,0,0.8705613169,0
2903005025,0,0,0.9798574546,0
2010080060029,0,0,0.9871217837,0
2010231020011,0,0,0.9160503159,0
2010013090012,0,0,0.9847054268,0
2010111030016,0,0,0.9788436011,0
2010051030024,0,0,0.9541006309,0
2010030040004,0,0,0.9555132798,0
2010063010004,0,0,0.9641136754,0
2910101027,0,0,0.8848945168,0
2010060030002,0,0,0.9781666579,0
2913104001,0,0,0.8724839094,0
2010063060028,0,0,0.9850003125,0
2010012030031,0,0,0.904187352,0
2909201007,0,0,0.9712252868,0
2903203010,1,0,0.8516803536,2
2911103017,0,0,0.9729346788,0
2903303016,0,0,0.9487291362,0
2902111031,0,0,0.9812540709,0
2905302005,0,0,0.9719707667,0
2010012010007,0,0,0.936245134,0
2913104020,0,0,0.6945497781,0
2010021110010,1,0,0.9219390554,2
2010020040009,0,0,0.9814101776,0
2010126010015,0,0,0.9794167442,0
2010084020009,0,0,0.957843567,0
2010073060027,0,0,0.9840146826,0
2901201005,1,0,0.6413686013,2
2010084030010,0,0,0.862520401,0
2010012020034,1,0,0.7217714818,2
2010023020023,0,0,0.9413618787,0
2010013050022,0,0,0.9736752683,0
2010071040011,0,0,0.9785223363,0
2010021020015,0,0,0.9645164647,0
2010071040004,0,0,0.9721616066,0
2905103025,0,0,0.9715938816,0
2010013100021,0,0,0.9488703374,0
2010021050018,0,0,0.9759854214,0
2010052010016,0,0,0.9739322257,0
2010025020005,0,0,0.9822124136,0
2901305001,1,0,0.7549541116,2
2903304001,0,0,0.9777936549,0
2902105034,0,0,0.9778541305,0
2902003032,0,0,0.9582371996,0
2010073050015,0,0,0.980744105,0
2010013110003,0,0,0.9715705221,0
2010051010022,0,0,0.9708453639,0
2010013090021,0,0,0.9861045642,0
2010031030002,0,0,0.9652918983,0
2903402017,0,0,0.9660272147,0
2902103003,0,0,0.9454267848,0
2903001031,0,0,0.9836544182,0
2010032020036,0,0,0.984537193,0
2010054050016,0,0,0.9308244306,0
2908403021,0,0,0.9591246497,0
2010051050031,0,0,0.9848985399,0
2010073010002,1,0,0.8238416223,2
2010020030011,0,0,0.6945497781,0
2905402006,0,0,0.9788311751,0
2010042010009,0,0,0.8907387951,0
2907302006,0,0,0.9630234262,0
2903305028,0,0,0.976742881,0
2911101015,0,0,0.9828348879,0
2010020010008,0,0,0.9342123548,0
2905105017,0,0,0.9516640828,0
2010031010015,0,0,0.9667184302,0
2010042030003,0,0,0.9654477337,0
2908004021,0,0,0.9381381345,0
2010013110001,0,0,0.9824043796,0
2010080080028,0,0,0.968490162,0
2010101020006,0,0,0.9417246353,0
2010127020002,0,0,0.8546650065,0
2902002005,0,0,0.9646631457,0
2909103021,0,1,0.4127298285,1
2902003014,0,0,0.9841764583,0
2010060060009,0,0,0.9813668537,0
2010021100005,0,0,0.9113658761,0
2010102020015,0,0,0.9199678005,0
2010013060013,0,0,0.9785353954,0
2912801012,0,0,0.9465400548,0
2010054050022,0,0,0.9845294015,0
2906306031,0,0,0.9788620567,0
2906004005,0,0,0.9683082637,0
2905102016,1,1,0.4622786303,3
2010063020009,0,0,0.962633259,0
2010030030006,0,0,0.9545263374,0
2904102005,0,0,0.9841380446,0
2010060030019,0,0,0.9576554898,0
2912801013,1,0,0.8775181754,2
2901310014,0,0,0.8626048169,0
2010052020030,0,0,0.9836961762,0
2010051050025,0,0,0.9812429211,0
2010031020003,0,0,0.9287040064,0
2010111030009,0,0,0.8890437762,0
2010054050002,0,0,0.8256598379,0
2909103028,0,0,0.7999269881,0
2010032010027,1,0,0.7415084362,2
2010127030027,0,0,0.885881008,0
2906006012,0,0,0.945289869,0
2902102016,0,0,0.9198906612,0
2010060030014,0,0,0.941185821,0
2906005035,0,0,0.9689940028,0
2904204012,0,0,0.9345094818,0
2010111040006,0,0,0.9544160302,0
2010124010031,0,0,0.9102240688,0
2010063050001,0,0,0.9500771355,0
2909102024,0,0,0.9074891652,0
2010013050024,0,0,0.8549846302,0
2010051050029,0,0,0.9798776514,0
2906004030,1,0,0.9355048419,2
2010060060031,0,0,0.9808948574,0
2010102020009,0,0,0.9204833785,0
2904102026,0,0,0.9659850683,0
2010060040002,0,0,0.8539893022,0
2903305006,0,0,0.9716302521,0
2912401008,0,0,0.6926355966,0
2903305029,0,0,0.9507322505,0
2010030020006,0,0,0.9688894831,0
2902109032,0,0,0.9581837794,0
2010013070002,0,0,0.8588497962,0
2010013020009,0,0,0.8717141177,0
2912601006,0,0,0.950557477,0
2902109031,0,0,0.742661214,0
2907101003,0,0,0.9733053619,0
2903003024,0,0,0.9799155351,0
2901310011,0,0,0.962700889,0
2901101030,0,0,0.983640181,0
2908402026,0,0,0.9807978687,0
2010031010016,1,0,0.9345616215,2
2903402021,0,0,0.8567136245,0
2902002021,0,0,0.7433376387,0
2010020020035,0,0,0.9065148536,0
2901308020,0,0,0.9840309291,0
2903303023,1,0,0.7491104796,2
2010111010003,0,0,0.9816323716,0
2905104019,0,0,0.9224078861,0
2010033010012,0,0,0.9704838796,0
2010071050031,0,0,0.9588105689,0
2010001030007,0,0,0.9449242535,0
2903305027,0,0,0.9627826368,0
2010025010015,1,0,0.9157381108,2
2902105035,0,0,0.8456796741,0
2010021080008,1,0,0.978447053,2
2903401020,1,0,0.7474178854,2
2010043010023,1,0,0.9717709075,2
2910101004,0,0,0.7581321184,0
2010080060008,0,0,0.9598347196,0
2010080080002,0,0,0.9524421696,0
2010034010012,1,0,0.9229277619,2
2010051050020,0,0,0.9534603176,0
2906304022,0,0,0.9492302432,0
2912701019,0,0,0.8384414945,0
2010073010015,0,0,0.9809064698,0
2906007015,0,0,0.9240718753,0
2913103014,0,0,0.852322144,0
2010111030004,0,0,0.9814720484,0
2901306018,0,0,0.9717348898,0
2010131040005,0,0,0.830154058,0
2904201029,0,0,0.9862767324,0
2906302014,0,0,0.950240603,0
2902106001,0,0,0.9277425285,0
2902105023,0,0,0.9709422614,0
2010080030013,0,0,0.9719086128,0
2010063060005,0,0,0.9807242508,0
2905402029,0,0,0.9698221642,0
2923102020,0,0,0.9701185055,0
2901303002,0,0,0.9783075961,0
2010051020006,0,0,0.9679289734,0
2905403002,0,0,0.9822303349,0
2900101003,0,0,0.8857730308,0
2908403003,0,0,0.9791408852,0
2010051040022,0,0,0.9675806428,0
2010034010022,0,0,0.8648751719,0
2010013010003,0,0,0.9778050859,0
2010023020018,0,0,0.9691878664,0
2010013130022,0,0,0.9184740423,0
2010011020032,0,0,0.980281659,0
2010071060016,0,0,0.9777299348,0
2010084010035,0,0,0.9838675988,0
2010042030002,0,0,0.9339944634,0
2902107016,0,0,0.9408520371,0
2010011010001,0,0,0.9209556807,0
2010060020012,0,0,0.9724048246,0
2010071020018,0,0,0.9825168105,0
2010092010006,0,0,0.8408644529,0
2010126020022,0,0,0.8691626208,0
2902301001,0,0,0.9239600059,0
2010231060017,0,0,0.9043354402,0
2010060020013,0,0,0.9843324765,0
2010071040031,0,0,0.8401926104,0
2010033030017,0,0,0.9805500719,0
2010030020023,0,0,0.9845444151,0
2010231010035,0,0,0.9511380751,0
2903004026,0,0,0.9712040837,0
2906306017,1,0,0.8743780046,2
2010051010011,0,0,0.981831956,0
2901307032,0,0,0.8746972453,0
2010060060002,0,0,0.9874005837,0
2010060040001,0,0,0.9378122107,0
2010052010032,0,0,0.9678991743,0
2903201029,0,0,0.9649769657,0
2010080080024,0,0,0.9061761686,0
2902003007,0,0,0.9766016972,0
2010033040012,1,0,0.6945497781,2
2010084020004,0,0,0.9791176548,0
2910201002,0,0,0.6945497781,0
2907305012,1,0,0.7925065687,2
2010013100029,0,0,0.9012522006,0
2010102020021,0,0,0.917374154,0
2912601024,0,0,0.5874366124,0
2010013110004,0,0,0.9750756136,0
2010101020025,0,0,0.9116190291,0
2902103008,0,0,0.9855176353,0
2010042040029,0,0,0.969449793,0
2010033030004,1,0,0.6945497781,2
2905401013,0,0,0.9787319474,0
2010071040007,0,0,0.9832132988,0
2903401008,0,0,0.9707193481,0
2901304001,0,0,0.9450072205,0
2010091020026,0,0,0.8336409746,0
2010052020028,0,0,0.8440135368,0
2902004008,0,0,0.986293146,0
2901304027,0,0,0.9487175028,0
2923103004,1,0,0.6945497781,2
2904201023,0,0,0.9834205295,0
2901305025,1,0,0.741455759,2
2010063040006,0,0,0.9820822973,0
2010013140024,0,0,0.9667085978,0
2010011020030,0,0,0.9637193774,0
2908201018,0,0,0.9324922138,0
2010013090023,0,0,0.9095933193,0
2908004031,0,0,0.9705133887,0
2010011010017,1,0,0.9601463297,2
2010051010017,0,0,0.8032942885,0
2010034010016,0,0,0.9680652476,0
2907301007,0,0,0.9623693973,0
2906003004,1,0,0.5251369879,2
2010111030015,0,0,0.9868323246,0
2901307015,0,0,0.9151671793,0
2010060020014,0,0,0.9784300012,0
2901203006,0,0,0.9847294381,0
2010031020019,1,0,0.8975666598,2
2010060060027,1,0,0.6639606038,2
2911102016,0,0,0.9357983048,0
2903203006,0,0,0.8968826896,0
2900103012,0,0,0.8900141734,0
2906007012,0,0,0.855105629,0
2908004035,0,0,0.9503462394,0
2903002016,1,0,0.6945497781,2
2010021040024,0,0,0.9705117058,0
2903301027,0,0,0.9793027709,0
2010054050014,0,0,0.8828769288,0
2010071050003,0,0,0.9757741507,0
2010012020020,0,0,0.8731378722,0
2010011020033,0,0,0.9825387312,0
2901304007,0,0,0.9656493801,0
2010060040011,0,0,0.8631155464,0
2010231040001,1,0,0.6229182106,2
2010021120014,0,0,0.9707472969,0
2010021090026,0,0,0.970492179,0
2907302020,0,0,0.9619941874,0
2903202013,0,0,0.9818198605,0
2910202023,0,0,0.7214999449,0
2010013060029,0,0,0.7862618993,0
2010020040036,0,0,0.9729462574,0
2903303009,0,0,0.9389931957,0
2010073030023,0,0,0.9819832495,0
2010013050020,0,0,0.9095339388,0
2010043030023,0,0,0.9818618946,0
2903004028,1,0,0.9158129844,2
2010063010009,0,0,0.9639505436,0
2902103028,0,0,0.9777125219,0
2010072010009,1,0,0.7038377222,2
2010073040010,0,0,0.9820015551,0
2904301022,1,0,0.5104065159,2
2903202030,0,0,0.9792920122,0
2906006010,0,0,0.8243170274,0
2904102021,0,0,0.9135013399,0
2010060020025,0,0,0.9850944243,0
2010091020005,0,0,0.8772059672,0
2902104021,0,0,0.8932818927,0
2010021070011,0,0,0.941636261,0
2912801010,0,0,0.7395906306,0
2904204004,0,0,0.9783544671,0
2010012030030,0,0,0.9286567624,0
2901304033,0,0,0.9788312598,0
2010033050026,0,0,0.8553742374,0
2010071040022,0,0,0.8659585873,0
2913102016,0,0,0.8692399892,0
2909102014,0,0,0.9346519062,0
2010021070014,0,0,0.8744018067,0
2010231010020,0,0,0.9254084898,0
2912702011,0,0,0.7898282276,0
2907101005,0,0,0.9303041996,0
2904202026,0,0,0.9712989999,0
2905301025,0,0,0.9265364105,0
2903305007,0,0,0.9692219743,0
2902302020,0,0,0.9730133278,0
2010084030007,0,0,0.9202769056,0
2010092020014,0,0,0.8475746005,0
2907201031,0,0,0.9687574747,0
2901310012,0,0,0.7591122741,0
2907305001,1,1,0.4043369695,3
2010054020011,0,0,0.907293595,0
2901306013,0,0,0.9796390196,0
2010012020033,0,0,0.9820851492,0
2010030020011,1,0,0.5304880002,2
2010021090001,1,0,0.9383328189,2
2912701009,0,0,0.7898282276,0
2907105007,0,0,0.9245916914,0
2906007021,0,0,0.9564440231,0
2010021080024,0,0,0.9835565742,0
2908004034,0,0,0.9352747389,0
2913201032,0,0,0.852322144,0
2010012010036,0,0,0.9680312315,0
2010020030002,0,0,0.9704899127,0
2010111010007,0,0,0.9228969011,0
2010042010002,0,0,0.9575681092,0
2010082010025,0,0,0.9192410617,0
2907105025,0,0,0.9853267757,0
2010063040022,0,0,0.9332277811,0
2010063040011,0,0,0.8311657329,0
2904102016,1,0,0.6318459615,2
2010025020025,0,0,0.9489163451,0
2907101024,0,0,0.9783157655,0
2010051050014,0,0,0.9530347957,0
2907201023,1,0,0.927646293,2
2906306032,0,0,0.9430782405,0
2903303018,0,0,0.9595398311,0
2010031030006,0,0,0.9667445122,0
2902004030,0,0,0.9838128892,0
2902302010,0,0,0.9678172906,0
2901306011,0,0,0.894895709,0
2010020020018,0,0,0.984688184,0
2902002024,0,0,0.9695989922,0
2010001040006,0,0,0.9054125153,0
2907305014,1,0,0.6775290526,2
2908005007,0,0,0.9799117589,0
2010033040010,1,0,0.9201851059,2
2901307010,1,0,0.5947963053,2
2908202011,0,0,0.931050209,0
2901312018,1,0,0.5542600899,2
2010054020021,0,0,0.9866674742,0
2010001010002,0,0,0.8099268238,0
2906005014,0,0,0.9618608764,0
2908002021,0,0,0.9424829713,0
2010030040027,0,0,0.9286570497,0
2010020040017,0,0,0.9830984735,0
2904102023,0,0,0.9305865618,0
2010042010010,0,0,0.9617426294,0
2901307020,0,0,0.8924421225,0
2904302006,0,0,0.9813069945,0
2902112001,0,0,0.9735947671,0
2913103016,0,0,0.8054540912,0
2010073010018,0,0,0.8619508421,0
2010051050009,0,0,0.9339688072,0
2010054020028,0,0,0.9840658753,0
2010013060032,0,0,0.9783715305,0
2010080060016,0,0,0.9762116593,0
2905403027,1,0,0.7689575637,2
2905202014,1,0,0.6079538695,2
2010104010011,0,0,0.9137638295,0
2010060040027,0,0,0.8743411591,0
2010111020027,0,0,0.9809613866,0
2010054030022,0,0,0.9776017351,0
2912601015,0,0,0.9214328818,0
2010127030015,0,0,0.9377685674,0
2901309021,0,0,0.9260989451,0
2902108010,0,0,0.9357878248,0
2010101020024,0,0,0.873842658,0
2010060040009,0,0,0.8752605079,0
2010131030010,0,0,0.8966585069,0
2905105002,0,0,0.7471990854,0
2907305006,0,0,0.9137755968,0
2903102011,0,0,0.9840316367,0
2010021030025,0,0,0.9593474954,0
2902302006,1,0,0.7788567721,2
2010131030013,0,0,0.8671507626,0
2010013030017,0,0,0.8964747151,0
2905302003,0,0,0.9184867821,0
2905103018,0,0,0.925221657,0
2010051050019,1,0,0.8691406731,2
2010023020027,0,0,0.8951002574,0
2901301021,0,0,0.9798241081,0
2010013020007,0,0,0.9153827442,0
2902105004,0,0,0.9677319565,0
2901301032,0,0,0.9865323874,0
2901303005,1,0,0.8823780019,2
2913103030,0,0,0.6945497781,0
2010111020023,0,0,0.9795050045,0
2010021090024,0,0,0.9830204637,0
2010021020009,0,0,0.9597924626,0
2902301030,0,0,0.9654485361,0
2010073050029,0,0,0.939895692,0
2909103011,1,0,0.7844655754,2
2906301016,0,0,0.9055231451,0
2902002008,1,0,0.9225177262,2
2010021070013,0,0,0.9734839401,0
2905403035,0,0,0.9737205824,0
2010023010009,0,0,0.9498305738,0
2907306024,1,0,0.5183742707,2
2010111040011,0,0,0.9783531559,0
2903102022,0,0,0.9464665887,0
2906006035,0,0,0.9745527175,0
2908008008,1,0,0.9464837904,2
2010060030032,0,0,0.9574466783,0
2010080050030,0,0,0.9840574932,0
2905102009,1,1,0.4245989397,3
2905401015,0,0,0.9852561506,0
2906305020,0,0,0.9674839882,0
2902113028,0,0,0.9467754563,0
2010092020007,0,0,0.8163172312,0
2010063020016,0,0,0.9025576972,0
2010073040034,0,0,0.9777931236,0
2010060030003,0,0,0.9676521781,0
2901307019,0,0,0.838031388,0
2902101024,0,0,0.9807024975,0
2906301010,0,0,0.8028990829,0
2909101030,0,0,0.9375418723,0
2010082020024,0,0,0.9791152764,0
2010073040001,0,0,0.9842916701,0
2908401018,0,0,0.9824272291,0
2010063030009,0,0,0.9818284497,0
2010080020017,0,0,0.9832710734,0
2908401017,1,0,0.9250635177,2
2907105001,0,0,0.9833273537,0
2913104028,0,0,0.6945497781,0
2901202033,0,0,0.9822546957,0
2010042050027,0,0,0.9852325739,0
2010041020027,0,0,0.9672127166,0
2901101004,0,0,0.9854742555,0
2010030050010,0,0,0.980837214,0
2901310029,0,0,0.9738152136,0
2913101006,0,0,0.852322144,0
2911101022,0,0,0.8466752555,0
2906004029,1,1,0.4191655533,3
2902108036,1,0,0.9704217278,2
2010013010027,0,0,0.9810695594,0
2010021020001,0,0,0.9608522075,0
2912701027,0,0,0.6945497781,0
2903201025,0,0,0.9817191229,0
2907301010,0,0,0.9626713735,0
2910201020,0,0,0.8806864143,0
2907102023,1,0,0.6423044789,2
2902104019,0,0,0.8283577448,0
2903305013,0,0,0.9668872463,0
2913101028,0,0,0.8384414945,0
2906306024,1,0,0.5968584979,2
2908003021,0,0,0.8983373134,0
2010021030021,0,0,0.8737363108,0
2911103021,0,0,0.9642621232,0
2902113032,0,0,0.9784827216,0
2905201011,0,0,0.732646271,0
2010012030015,0,0,0.941236471,0
2905302024,1,0,0.7298016795,2
2908006025,0,0,0.9335899317,0
2010033050023,0,0,0.9352308141,0
2010051040011,0,0,0.8929879746,0
2010084030011,0,0,0.9779505456,0
2906303024,0,0,0.868521299,0
2010033010031,0,0,0.9800157757,0
2010063060009,0,0,0.9556470086,0
2901201018,0,0,0.9830172979,0
2010072010018,1,0,0.662178085,2
2904302005,0,0,0.9623318711,0
2010080080013,0,0,0.9683960909,0
2010051060030,0,0,0.9852156149,0
2010080030009,0,0,0.9128227344,0
2010111010001,0,0,0.9792740292,0
2911102010,0,0,0.9781839507,0
2010054010010,0,0,0.789219729,0
2010063050034,0,0,0.8382516753,0
2010013040014,1,0,0.6945497781,2
2010042050022,0,0,0.9855971532,0
2902109014,0,0,0.9713589102,0
2907201005,0,0,0.9635348933,0
2010080020019,0,0,0.963904362,0
2010071060005,0,0,0.8703318161,0
2906302020,0,0,0.957729615,0
2010091030017,0,0,0.9762555953,0
2010052020008,0,0,0.9720037599,0
2906302034,0,0,0.9782487709,0
2903001012,0,0,0.9666418889,0
2010054020002,0,0,0.8060853866,0
2010020030009,1,0,0.8485991058,2
2010063020024,0,0,0.972286707,0
2908004022,0,0,0.9088799759,0
2010013120032,1,0,0.6461332075,2
2010060040032,0,0,0.9865340325,0
2010021080004,0,0,0.9644543499,0
2906306001,0,0,0.8223837711,0
2010052020026,0,0,0.9684135927,0
2010021030028,0,0,0.9773640676,0
2010020030025,0,0,0.9477326305,0
2906306013,0,0,0.9578984915,0
2911103029,0,0,0.930987861,0
2010131020028,0,0,0.8617598503,0
2010013080021,0,0,0.98268122,0
2010080030021,0,0,0.9714354937,0
2010063010005,0,0,0.8624716343,0
2907106020,0,0,0.9792917673,0
2902106011,0,0,0.8899965227,0
2905404033,0,0,0.9587412337,0
2010021010028,0,0,0.9616380051,0
2010042020005,0,0,0.9616292498,0
2010127030028,0,0,0.9064604664,0
2908003035,0,0,0.9569532377,0
2010051020033,0,0,0.9391241124,0
2010060060028,0,0,0.9748332644,0
2010073040017,0,0,0.9824275695,0
2010013050006,0,0,0.9123202623,0
2907305020,0,0,0.9597338997,0
2010071050005,0,0,0.9787840815,0
2010073050013,0,0,0.9808766073,0
2903003017,0,0,0.8959959104,0
2010080040015,0,0,0.891602076,0
2010071050004,0,0,0.9841029435,0
2903003030,0,0,0.9853463971,0
2010131040016,0,0,0.8907214122,0
2901202024,0,0,0.9839749774,0
2905202017,0,0,0.9845676013,0
2901312027,0,0,0.9057159268,0
2010054020015,0,0,0.9830338971,0
2906303001,0,0,0.8155709141,0
2010013130029,0,0,0.9488237336,0
2901303025,0,0,0.9593255287,0
2901101008,0,0,0.8388583621,0
2010073010026,0,0,0.9742014109,0
2010042020019,0,0,0.9715946583,0
2010013080031,0,0,0.979390656,0
2907105020,1,1,0.446027193,3
2010020030027,0,0,0.9743770189,0
2010111040002,0,0,0.9762907932,0
2010231040010,0,0,0.9409866546,0
2010025010005,1,0,0.9232717537,2
2902001011,0,0,0.9386168512,0
2901312019,0,0,0.9717970509,0
2901101014,1,0,0.6700419054,2
2010051030025,0,0,0.9830561927,0
2010041010003,0,0,0.8905503215,0
2911102026,0,0,0.9866392269,0
2910101026,0,0,0.6945497781,0
2010012020017,1,0,0.9456506977,2
2010011020016,0,0,0.9195851746,0
2010127030031,0,0,0.8724612282,0
2010063060022,0,0,0.9756258924,0
2906302013,1,0,0.5155314422,2
2010054010009,0,0,0.8768100279,0
2901303019,0,0,0.9705835344,0
2010032030008,0,0,0.9509888404,0
2010082010002,0,0,0.8686650397,0
2908005015,0,0,0.7739003214,0
2010051060018,0,0,0.9647260836,0
2908202023,0,0,0.805757229,0
2010054020001,0,0,0.9817217928,0
2901102013,0,0,0.9663345468,0
2906302021,0,0,0.9777986106,0
2905403033,0,0,0.9267046976,0
2010031020012,0,0,0.9567777997,0
2907306021,0,0,0.945371637,0
2010071020020,0,0,0.9594402711,0
2010033050007,0,0,0.9092691568,0
2902501015,0,0,0.8775586953,0
2010012030014,0,0,0.9864715298,0
2913104023,0,0,0.8384414945,0
2907304017,0,0,0.7587842025,0
2907102027,0,0,0.9215587204,0
2010051060004,0,0,0.9851026313,0
2903203002,0,0,0.9825085647,0
2010073060026,0,0,0.9600873006,0
2906301011,0,0,0.68615039,0
2908006016,0,0,0.9393838448,0
2010013030002,0,0,0.8339268726,0
2010034010023,0,0,0.9687802124,0
2010071050028,0,0,0.9614051048,0
2903005002,0,0,0.9770873481,0
2010042030014,0,0,0.973301696,0
2010080010010,0,0,0.9863671389,0
2010034010018,0,0,0.9696195802,0
2010060050001,0,0,0.7621421298,0
2906002004,0,0,0.9595568145,0
2901304023,0,0,0.9265662736,0
2902104003,0,0,0.9685679723,0
2906007030,0,0,0.9353845114,0
2010063030030,0,0,0.9602868696,0
2010031030028,0,0,0.9752178695,0
2010073020019,0,0,0.9769868131,0
2903402005,0,0,0.98507024,0
2903201012,0,0,0.9835576527,0
2010054030012,0,0,0.9342628847,0
2010091020018,0,0,0.9086277198,0
2906003034,0,0,0.9579277893,0
2010073040026,0,0,0.9828918851,0
2905101013,1,0,0.6380141221,2
2906007011,0,0,0.9141273915,0
2902107004,0,0,0.9169999718,0
2905301013,0,0,0.9815780903,0
2902002018,0,0,0.8219819502,0
2010011020012,1,0,0.8693108643,2
2010043030002,0,0,0.9234352189,0
2902003020,0,0,0.9683233522,0
2010063030020,1,0,0.8972290015,2
2010073030022,0,0,0.9653209357,0
2010132010023,0,0,0.922083019,0
2010063040001,0,0,0.973169395,0
2913103002,0,0,0.870473812,0
2010102010007,0,0,0.9206130236,0
2010071060022,0,0,0.9748073275,0
2902113010,0,0,0.968593212,0
2010051050004,0,0,0.957345555,0
2010021100009,0,0,0.9832865657,0
2010080070024,0,0,0.9836395738,0
2902107005,1,0,0.9462657841,2
2010111030020,0,0,0.909276299,0
2010080060023,0,0,0.9348782935,0
2010013060033,0,0,0.8836485838,0
2903002013,0,0,0.973695593,0
2010231060018,0,0,0.9566012071,0
2908201028,0,0,0.9675251714,0
2010042020027,0,0,0.9868001014,0
2010021030034,1,0,0.9211980522,2
2010111010010,0,0,0.96399986,0
2010063020025,0,0,0.951019318,0
2010012010013,0,0,0.9758362914,0
2010060030018,0,0,0.9801602706,0
2010032010005,0,0,0.9451072273,0
2901302029,0,0,0.9464245351,0
2908202006,1,0,0.5534981927,2
2010013050033,0,0,0.9861973107,0
2911101029,0,0,0.986067153,0
2908007001,0,0,0.9568385041,0
2010111040018,1,0,0.835056765,2
2010030050028,0,0,0.9251109488,0
2912401005,0,0,0.8619529548,0
2923101017,0,1,0.4823227361,1
2010021100014,0,0,0.951714762,0
2010021010008,0,0,0.9367094131,0
2909102007,0,0,0.904831714,0
2903002014,0,0,0.9557468065,0
2010021030024,0,0,0.9627957396,0
2010054010004,0,0,0.9048731764,0
2010032020010,0,0,0.976235578,0
2010060020034,0,0,0.9817299314,0
2902113024,0,0,0.9655497823,0
2908001016,0,0,0.8745571954,0
2907201027,0,0,0.9680260858,0
2010084020001,0,0,0.9839021444,0
2010021100031,0,0,0.6794557366,0
2902111034,1,0,0.6611815329,2
2010042030029,0,0,0.9528666035,0
2906003025,0,0,0.9811759282,0
2010111030001,0,0,0.9836840221,0
2010084010008,0,0,0.9504152417,0
2010063020033,0,0,0.9791595659,0
2010021040035,0,0,0.9484260201,0
2907106006,0,0,0.9767465121,0
2010080020030,0,0,0.9847097142,0
2906305009,0,0,0.9799296995,0
2901308031,0,0,0.8872567012,0
2901310034,0,0,0.9862433578,0
2910101016,0,0,0.6945497781,0
2903301005,0,0,0.8064467815,0
2903001017,0,0,0.9718255911,0
2010071030018,0,0,0.8834678798,0
2010034010001,0,0,0.9814375754,0
2907301005,0,0,0.9874684781,0
2010020020003,1,0,0.8710073519,2
2903305022,0,0,0.9649628096,0
2010041010011,0,0,0.9556247452,0
2010031010013,0,0,0.9364706131,0
2010073030034,0,0,0.9758368697,0
2010073030003,0,0,0.9824927414,0
2904301009,0,0,0.9269408989,0
2907306005,0,0,0.9655306086,0
2905402025,0,0,0.9626124921,0
2910102001,1,0,0.6945497781,2
2911102028,0,0,0.9534324864,0
2912601017,0,0,0.9676770486,0
2903202015,0,0,0.9693791379,0
2010042040024,0,0,0.9864006885,0
2010032010017,0,0,0.9434689397,0
2010073060011,0,0,0.9647480261,0
2010060030033,0,0,0.9323961484,0
2905302004,1,0,0.6979703655,2
2010030020005,0,0,0.9312836061,0
2902004001,0,0,0.9699487932,0
2010054010005,0,0,0.9828050218,0
2010025020021,1,0,0.7814975919,2
2903301029,0,0,0.981488584,0
2908201007,1,0,0.8432083322,2
2010063040008,0,0,0.9821955726,0
2010063010033,0,0,0.9376257233,0
2908008006,0,0,0.9603785344,0
2902105020,0,0,0.9623449836,0
2903402010,0,0,0.66240256,0
2900102011,0,0,0.873834708,0
2010080010020,0,0,0.9811669837,0
2010101010034,0,0,0.9178086618,0
2010012020005,0,0,0.9601693953,0
2010126030014,0,0,0.9087346561,0
2010127030006,0,0,0.7922804811,0
2901311022,0,0,0.9461082076,0
2010132010019,0,0,0.92709389,0
2010032030006,0,0,0.970258362,0
2010060060018,1,0,0.945761713,2
2906301021,0,0,0.9802289923,0
2010033010035,0,0,0.8991827786,0
2010053020025,1,1,0.4032549489,3
2010021050015,0,0,0.9595557343,0
2923104023,0,0,0.9653429342,0
2907102030,0,0,0.8467079958,0
2010231040035,1,0,0.6670159861,2
2010054040009,0,0,0.9692036753,0
2909202020,0,0,0.9049210995,0
2010013090014,0,0,0.9490876174,0
2905301010,0,0,0.9638663645,0
2010043030029,0,0,0.7768173985,0
2010231050004,0,0,0.9593668658,0
2901302027,1,0,0.9135294628,2
2010031020018,0,0,0.9776450475,0
2010132010009,0,0,0.6945497781,0
2901201006,0,0,0.967174812,0
2904101015,0,0,0.9320970863,0
2903005020,0,0,0.9812438831,0
2905302018,0,0,0.9659433021,0
2010013130024,0,0,0.8920340329,0
2913201029,0,0,0.6945497781,0
2010023020007,0,0,0.8837756589,0
2010053010013,0,0,0.9677291237,0
2010063020005,0,0,0.9498615389,0
2010020040026,0,0,0.9398549001,0
2903202008,1,0,0.9499042072,2
2905401019,0,0,0.9815397519,0
2903102012,0,0,0.9290978019,0
2908002011,0,1,0.4620680979,1
2010071060027,0,0,0.9090436012,0
2010031020026,0,0,0.9854342253,0
2010231020035,0,0,0.9601342109,0
2010020010003,0,0,0.9325628933,0
2010013090024,0,0,0.9054690949,0
2910102035,0,0,0.9345151021,0
2905105015,0,0,0.9554385602,0
2907305029,1,0,0.8390636666,2
2908202015,0,0,0.9875947012,0
2010071010028,0,0,0.8891264988,0
2903005033,0,0,0.9862588058,0
2923104021,0,0,0.9687494166,0
2908402005,0,0,0.9683148684,0
2910102006,0,0,0.6945497781,0
2010127010022,0,0,0.891660965,0
2010030020021,0,0,0.8418060476,0
2010063040031,0,0,0.9258624817,0
2010021050030,0,0,0.9717152887,0
2904203019,0,0,0.8712783599,0
2907201003,0,0,0.9578107369,0
2010043020025,0,0,0.9488094033,0
2010231020033,0,0,0.9021323841,0
2010020040024,0,0,0.9847676197,0
2906001030,0,0,0.9090837307,0
2010021060028,0,0,0.987987567,0
2010013020027,1,0,0.6938795637,2
2912801014,1,0,0.7476396046,2
2010091020013,1,0,0.6945497781,2
2905104001,0,0,0.9696846719,0
2010231060008,0,0,0.9664874294,0
2010231040033,0,0,0.9802642802,0
2923104020,0,0,0.9680343706,0
2010013080013,0,0,0.9822718171,0
2010034020023,0,0,0.9625509231,0
2010031010029,0,0,0.9615003817,0
2010021110001,0,0,0.9754119846,0
2906305006,0,0,0.9746802945,0
2010054030007,0,0,0.9609640327,0
2902103025,0,0,0.9856967076,0
2010073030011,0,0,0.9816818865,0
2904204001,0,0,0.9618526237,0
2010072010008,0,0,0.8596748337,0
2902502027,0,0,0.9848486466,0
2901305008,0,0,0.9242492534,0
2010032010014,0,0,0.9797344399,0
2901203030,0,0,0.9645223068,0
2010060040024,0,0,0.9227696442,0
2900104009,0,0,0.6945497781,0
2010084010002,0,0,0.9859601451,0
2010231010031,0,0,0.9303480978,0
2901312016,0,0,0.9406136482,0
2010011010008,0,0,0.5365228905,0
2901304009,0,1,0.4661763392,1
2010071020007,0,0,0.9179471484,0
2906004022,0,0,0.9638478686,0
2902111005,0,0,0.9842606962,0
2010013110026,0,0,0.9520060736,0
2904202004,0,0,0.9333272841,0
2010091010008,0,0,0.9758360148,0
2010054050008,0,0,0.9594702063,0
2902301008,0,0,0.9827483313,0
2010041010019,0,0,0.8278434274,0
2010052020007,0,0,0.8418771644,0
2010013140033,0,0,0.9862284755,0
2923104024,0,0,0.930433555,0
2010033030029,0,0,0.9835395655,0
2010071050030,0,0,0.9862260869,0
2901302006,0,0,0.8723726392,0
2010030010028,0,0,0.9834829088,0
2902108016,0,0,0.9441552964,0
2911103002,1,0,0.9265228694,2
2902004012,0,0,0.9675606419,0
2010013010007,0,0,0.9776806159,0
2010013050032,0,0,0.9791870242,0
2908202013,1,1,0.4147828045,3
2010051060021,0,0,0.9827648926,0
2903103021,0,0,0.957913765,0
2010101020031,0,0,0.832533781,0
2909101018,0,0,0.9237371258,0
2902104009,0,0,0.9585141546,0
2923104003,0,0,0.5237552458,0
2904203027,0,0,0.943642562,0
2010042010028,0,0,0.985520197,0
2911102032,0,0,0.9568613066,0
2010021040005,0,0,0.9855891845,0
2910201006,1,0,0.6994336389,2
2906006008,0,0,0.9790449587,0
2912801020,0,0,0.7696999752,0
2907101002,0,0,0.9768579049,0
2010021100027,0,0,0.9721774041,0
2010101010011,0,0,0.8130705838,0
2010013060008,0,0,0.8838489105,0
2901310005,1,0,0.6945497781,2
2010034010009,0,0,0.8936707642,0
2010060020004,0,0,0.9818059707,0
2010060060024,0,0,0.9419640428,0
2010013110031,0,0,0.985524215,0
2010127020010,0,0,0.8849030978,0
2010013070024,0,0,0.9643482204,0
2010071010009,0,0,0.9599232729,0
2908008035,0,0,0.9524435453,0
2010080020011,0,0,0.9824199733,0
2010013030006,0,0,0.9797712565,0
2010080100020,0,0,0.8888460799,0
2010034020027,0,0,0.8503056308,0
2910102005,0,0,0.9110704742,0
2923103013,0,0,0.8950172751,0
2010131020004,0,0,0.8469284528,0
2010063020008,0,0,0.9743478541,0
2912702018,0,0,0.6945497781,0
2010020010033,0,0,0.9549903239,0
2010052010020,0,0,0.9816222619,0
2902501009,0,0,0.982836023,0
2010051060005,0,0,0.9788054463,0
2010020030031,0,0,0.9657243975,0
2907303026,0,0,0.9670969538,0
2912702021,0,0,0.6945497781,0
2910202016,0,0,0.869267257,0
2010021010015,0,0,0.976229039,0
2908401028,0,0,0.9620299602,0
2010073050023,0,0,0.8665110521,0
2913201028,0,0,0.6945497781,0
2010021040011,0,0,0.9745354913,0
2010084010016,0,0,0.9799365893,0
2010013140007,0,0,0.984104417,0
2010052010029,0,0,0.9809089204,0
2902104001,0,0,0.9645574068,0
2010101020001,0,0,0.9273702786,0
2010013140020,0,0,0.9833574738,0
2010013040007,0,0,0.9847266053,0
2910101012,1,0,0.8613963881,2
2910102003,0,0,0.8623557691,0
2901303015,1,0,0.7593559193,2
2010012010032,0,0,0.9655169906,0
2902106003,0,0,0.8194300598,0
2912602010,0,0,0.9017509316,0
2010042010027,0,0,0.9795346701,0
2010127020018,0,0,0.6945497781,0
2010073030018,0,0,0.9750919542,0
2903103023,0,0,0.9722018958,0
2912602015,0,0,0.82713782,0
2908001006,0,0,0.9127820884,0
2010030020031,0,0,0.8943534868,0
2010126030017,0,0,0.7991905343,0
2900104008,0,0,0.7752792493,0
2010012010025,0,0,0.9807967446,0
2010060070005,0,0,0.9788848915,0
2010021120026,0,0,0.9478056598,0
2010021110027,0,0,0.9433510217,0
2901307012,1,0,0.7111845064,2
2010071040006,0,0,0.9495571041,0
2906005032,0,0,0.9810521306,0
2901202031,0,0,0.9852998789,0
2908008022,0,0,0.9476673016,0
2010030040007,1,0,0.7491782531,2
2010060050002,0,0,0.8817349155,0
2010126020028,0,0,0.7606552565,0
2010041020023,0,0,0.8237269342,0
2909201016,0,0,0.9627854993,0
2010063050005,0,0,0.9838893145,0
2010033030013,0,0,0.9382733835,0
2903101003,0,0,0.9715140334,0
2908007026,0,0,0.9031646953,0
2010073010003,0,0,0.9239817767,0
2010231020004,0,0,0.9294063069,0
2010021080019,0,0,0.9145349454,0
2901306023,0,0,0.8552402651,0
2010071010029,0,0,0.9829210342,0
2010021080003,0,0,0.9849179449,0
2010231020010,0,0,0.9787447675,0
2010091030004,1,0,0.7235547707,2
2908002030,0,0,0.9685899877,0
2923102027,1,1,0.4847944582,3
2010080050009,0,0,0.9512578611,0
2906007029,0,0,0.9714469162,0
2010080010014,0,0,0.869334608,0
2010102020028,0,0,0.9129873441,0
2010073020025,0,0,0.9357384474,0
2010060010034,0,0,0.9788248172,0
2010080060017,0,0,0.8817016021,0
2010073020027,0,0,0.9809751904,0
2010071050026,0,0,0.9624621471,0
2010020030005,0,0,0.8084005398,0
2010102010025,0,0,0.8207923875,0
2010030030002,0,0,0.9863021257,0
2903004009,0,0,0.8502919977,0
2909102026,0,0,0.97872684,0
2010131040021,0,0,0.8665211745,0
2010032010009,0,0,0.9655971632,0
2901303007,0,0,0.8592512987,0
2901304032,0,0,0.9590240963,0
2010080100028,0,0,0.8738434224,0
2913101018,0,0,0.6945497781,0
2010031010034,0,0,0.9736587432,0
2901308004,0,0,0.986823598,0
2010013070003,0,0,0.9128611568,0
2010126010003,0,0,0.9640568375,0
2010127030001,0,0,0.8755823163,0
2010013080026,0,0,0.9862685822,0
2903304004,0,0,0.9867340026,0
2010043010024,0,0,0.9861316343,0
2010131040017,0,0,0.9011993953,0
2010033030006,0,0,0.9626485626,0
2010080070008,0,0,0.9720861195,0
2903003029,0,0,0.6945497781,0
2913101001,0,0,0.6945497781,0
2905403014,0,0,0.9814220633,0
2902001032,0,0,0.9674323943,0
2010020030022,0,0,0.9675065711,0
2900102007,0,0,0.6945497781,0
2906004002,0,0,0.9445776964,0
2909101031,0,0,0.9677664993,0
2010011010032,0,0,0.9722074039,0
2903005006,0,0,0.9762815649,0
2010073040021,0,0,0.9850485631,0
2010063050027,0,0,0.9815878179,0
2010073050020,0,0,0.9136473696,0
2911101024,0,0,0.9289023904,0
2902111002,0,0,0.9391982237,0
2010051050006,0,0,0.9753941338,0
2010132010015,0,0,0.8778357036,0
2901303028,0,0,0.9812373935,0
2901305031,0,0,0.958457177,0
2010013050025,0,0,0.8166003369,0
2902104018,0,0,0.960204893,0
2010073020017,0,0,0.9733852587,0
2908006034,0,0,0.9824935383,0
2903304016,0,0,0.9140435488,0
2901310020,0,0,0.9608682502,0
2906302027,0,0,0.9672154905,0
2912701026,0,0,0.882324039,0
2907103007,1,0,0.7944284701,2
2010013030033,0,0,0.9693156775,0
2010080010026,0,0,0.9631894335,0
2902001023,0,0,0.9670803442,0
2010051050012,0,0,0.968713141,0
2010023020010,0,0,0.9468461081,0
2903005008,0,0,0.9811576102,0
2010020030023,0,0,0.9874555844,0
2010073060025,0,0,0.9588275559,0
2907101019,0,0,0.8690663338,0
2902107021,0,0,0.8605603566,0
2010021070008,1,0,0.7775238354,2
2010013070007,0,0,0.9630157418,0
2903302008,0,0,0.7411495712,0
2010060010027,1,0,0.7672433073,2
2903101004,0,0,0.9193508298,0
2901201013,1,0,0.5483277476,2
2010063020028,0,0,0.9309987818,0
2010021110035,0,0,0.9614355297,0
2907103026,0,0,0.9522915056,0
2906001002,0,0,0.9533294944,0
2903102010,0,0,0.8929871124,0
2010011010029,0,0,0.884230036,0
2907101027,0,0,0.8565122229,0
2010111030027,0,0,0.9331539642,0
2010042040017,0,0,0.9617687697,0
2010030020032,0,0,0.9223327838,0
2902003030,0,0,0.9811538037,0
2010012020015,0,0,0.9751992937,0
2903003031,0,0,0.9837396945,0
2010060070001,0,0,0.975474212,0
2010126020007,0,0,0.9457940213,0
2010084010029,0,0,0.9816029488,0
2010126010011,0,0,0.9869143829,0
2010080010023,0,0,0.8942311865,0
2010080080003,0,0,0.981954175,0
2010021030012,0,0,0.9822766995,0
2907301020,1,1,0.4264491699,3
2010080020020,0,0,0.8585760068,0
2010021010025,0,0,0.8908008931,0
2010013120016,1,0,0.7967331073,2
2904301014,0,0,0.9781686533,0
2010131010001,0,0,0.8933953964,0
2904202005,0,0,0.9553861856,0
2010073040011,0,0,0.981697177,0
2010071050012,0,0,0.9813915386,0
2010102020029,0,0,0.8993179162,0
2901310018,0,0,0.969463957,0
2903003008,0,0,0.9719428693,0
2903304025,1,0,0.6945497781,2
2010041020025,0,0,0.9619802373,0
2906003009,1,0,0.6407461566,2
2010060050005,0,0,0.9149374699,0
2901308019,0,0,0.967392411,0
2010043010019,0,0,0.8664747817,0
2906005021,1,0,0.9622489972,2
2912801002,0,0,0.7492699871,0
2902004033,0,0,0.9540264883,0
2010131020013,0,0,0.9094090837,0
2010013010019,0,0,0.9823178109,0
2010011010019,0,0,0.9745595627,0
2010060050011,0,0,0.961919164,0
2010231060021,0,0,0.9491185038,0
2904301031,0,0,0.9782718277,0
2908004006,0,0,0.7090159191,0
2010060040017,0,0,0.9555625013,0
2901303032,0,0,0.9713319676,0
2906304006,0,0,0.9756129558,0
2010033020021,0,0,0.9831223466,0
2902110020,0,0,0.9784834786,0
2010034020017,0,0,0.9669827906,0
2910101015,0,0,0.6945497781,0
2902002028,0,0,0.9726124714,0
2908006024,0,0,0.9559436825,0
2010063020004,0,0,0.9781953978,0
2010063020021,0,0,0.9635361525,0
2010127030023,0,0,0.9268481796,0
2901312006,0,0,0.9801459694,0
2010011010025,0,0,0.9626348897,0
2010073060028,0,0,0.9788177274,0
2906005007,0,0,0.8592858842,0
2010013050028,0,0,0.9771129078,0
2905202010,0,0,0.9214892966,0
2010013110013,0,0,0.9787031979,0
2010131030026,0,0,0.9047811154,0
2010063050030,0,0,0.9826446413,0
2913201021,0,0,0.8544004896,0
2010051020029,0,0,0.9733180008,0
2910202013,0,0,0.8879515965,0
2906304019,1,0,0.6943936743,2
2010020030018,0,0,0.9476269431,0
2010030010030,0,0,0.8474897978,0
2904302023,0,0,0.9634921182,0
2908201011,0,0,0.9608136848,0
2010013120004,0,0,0.9841849393,0
2010231030029,0,0,0.9562481912,0
2903004024,0,0,0.9185902074,0
2010080040016,0,0,0.8932377529,0
2906001034,0,0,0.9717214629,0
2901303029,1,0,0.8789165704,2
2010052010004,0,0,0.9839898582,0
2010084020006,0,0,0.9603964529,0
2907105024,0,0,0.9817356472,0
2010101010029,1,0,0.9156506156,2
2906001022,0,0,0.9256681234,0
2905104005,0,0,0.9554351155,0
2010084020033,0,0,0.9553033369,0
2010060070017,0,0,0.7117513035,0
2010084020005,0,0,0.9547914579,0
2901203011,0,0,0.9625562711,0
2901310017,0,0,0.945831759,0
2911102013,0,0,0.9712466922,0
2010021060007,0,0,0.8062439034,0
2010031010023,0,0,0.9511625219,0
2010023020021,1,0,0.8321349465,2
2901301038,0,0,0.9699165329,0
2010060070003,0,0,0.9766060471,0
2010013070023,0,0,0.8935213291,0
2010080060005,0,0,0.8502531159,0
2010033010030,0,0,0.9808815385,0
2010127020029,0,0,0.911588482,0
2902302016,1,0,0.6173024515,2
2010051040023,0,0,0.9830270686,0
2913104003,0,0,0.6945497781,0
2010063060023,0,0,0.9722004023,0
2912401020,0,0,0.852322144,0
2010030020012,0,0,0.9723114011,0
2010071010030,0,0,0.9857303348,0
2902501020,0,0,0.9764087828,0
2904201003,0,0,0.9538107552,0
2010127020004,0,0,0.8936021393,0
2010063030029,0,0,0.9702549972,0
2905101009,0,0,0.9767551454,0
2907105016,1,0,0.7509181355,2
2906003021,0,0,0.9552371464,0
2905102005,0,0,0.8918075354,0
2010041020017,0,0,0.9734244835,0
2010053020009,0,0,0.9416426555,0
2901203018,0,0,0.9410542245,0
2010030040025,0,0,0.8323174611,0
2010126010021,0,0,0.8475466583,0
2902110015,0,0,0.9847691466,0
2908402024,0,0,0.9261427316,0
2010053020004,0,0,0.9522118196,0
2907201021,0,0,0.8769218859,0
2010032030028,0,0,0.9546213932,0
2901311025,0,0,0.9846798212,0
2010060030011,0,0,0.9501557726,0
2010084020032,0,0,0.9696934264,0
2010111010014,0,0,0.9616373111,0
2010021070010,0,0,0.9654968035,0
2907102013,0,0,0.9670748005,0
2010013090006,0,0,0.8941759417,0
2905102006,0,0,0.9606287631,0
2908008003,1,0,0.9321409288,2
2905403003,0,0,0.9605015364,0
2010023020020,0,0,0.9864053674,0
2010052020025,0,0,0.9866558284,0
2010231050025,1,0,0.899039201,2
2010021080017,0,0,0.980031677,0
2903304005,0,0,0.9563008653,0
2905402028,0,0,0.9752802554,0
2010020020009,0,0,0.9615827836,0
2908403001,0,0,0.9816691697,0
2912701001,0,0,0.8054540912,0
2010020030003,0,0,0.9710958321,0
2903301006,0,0,0.9614211782,0
2010132010007,0,0,0.9046295378,0
2908006017,0,0,0.8774200398,0
2905104016,1,0,0.9144936286,2
2010073060015,0,0,0.9840047675,0
2010080100021,0,0,0.9402983514,0
2904201009,0,0,0.9884110435,0
2010033020025,0,0,0.9711247173,0
2902104015,0,0,0.9686955527,0
2010032010028,1,1,0.4780970774,3
2010042030020,0,0,0.9040067695,0
2907301009,0,0,0.9798278964,0
2010030030017,0,0,0.9840320742,0
2010042010029,0,0,0.9699063212,0
2010102020020,0,0,0.8939159971,0
2010053020022,0,0,0.9833057981,0
2010126020006,0,0,0.9804253366,0
2903001005,0,0,0.9648220952,0
2010051020015,0,0,0.9542081941,0
2912601012,0,0,0.9563242782,0
2010033010034,0,0,0.9666242536,0
2010060020011,0,0,0.9609261684,0
2010031010002,0,0,0.9864677579,0
2010051060029,0,0,0.9261700139,0
2901101010,0,0,0.8349336856,0
2901302010,0,0,0.8452751581,0
2010013010001,0,0,0.9875174055,0
2901201017,0,0,0.8159863998,0
2901304029,0,0,0.9598855436,0
2910102034,0,0,0.9007998864,0
2901101024,0,0,0.8491921445,0
2908402013,0,0,0.976256944,0
2010021050034,0,0,0.895742561,0
2903101006,0,0,0.9823037021,0
2010060030009,1,0,0.8169459184,2
2010030010023,0,0,0.979402736,0
2010052020027,0,0,0.9407045894,0
2010033040027,0,0,0.9282240946,0
2923103002,0,0,0.9790731045,0
2903201014,0,0,0.9458837779,0
2906006026,0,0,0.9626287637,0
2906006006,0,0,0.7517816239,0
2901301014,0,0,0.9550972839,0
2010111030005,0,0,0.9725565295,0
2901305029,0,0,0.8736880009,0
2010034010019,0,0,0.8996057896,0
2913102009,0,0,0.8619529548,0
2010021040015,0,0,0.8878524484,0
2010127030012,0,0,0.8611128046,0
2913103021,0,0,0.8544004896,0
2010031030010,0,0,0.9162239298,0
2904201016,0,0,0.9850315817,0
2010020030035,0,0,0.9021122066,0
2912701030,0,0,0.8166287543,0
2923104018,0,0,0.9679471653,0
2913102017,0,0,0.6945497781,0
2010060060007,0,0,0.9230226373,0
2010052010010,0,0,0.8687327768,0
2906001004,0,0,0.8365417192,0
2010102020026,0,0,0.8974494274,0
2010071060026,0,0,0.9679003411,0
2010033030020,0,0,0.9826465775,0
2900104003,0,0,0.8971195565,0
2010127020014,0,0,0.8898860903,0
2010082020006,0,0,0.9552793585,0
2900104012,0,0,0.8785456836,0
2010131010026,0,0,0.8912092341,0
2908006023,1,0,0.8294298341,2
2010043010027,0,0,0.9714502558,0
2010012020028,0,0,0.9861529901,0
2905402003,1,0,0.908324285,2
2923101005,0,0,0.904743367,0
2906006007,0,0,0.9719054614,0
2010043010022,0,0,0.9607358224,0
2907303005,0,0,0.9627930711,0
2010021110025,0,0,0.9658208242,0
2010072010030,0,0,0.9812100408,0
2909103006,0,0,0.9549735238,0
2906005030,0,0,0.8781141781,0
2010054010031,0,0,0.9851887517,0
2903101018,0,0,0.9668210865,0
2010101010004,0,0,0.9045846804,0
2902301017,0,0,0.9804927265,0
2010111030025,0,0,0.9758417986,0
2010021030030,0,0,0.9700076762,0
2908202012,0,0,0.9592353883,0
2010054050019,0,0,0.9695433442,0
2010071020026,0,0,0.8707640975,0
2010032030032,0,0,0.9388252372,0
2010032010022,0,0,0.9750642332,0
2923105016,1,0,0.6283463408,2
2902108011,0,0,0.9472204505,0
2010073060008,0,0,0.9821671382,0
2911102025,0,0,0.9799710877,0
2010060020007,0,0,0.9574491363,0
2010063010024,0,0,0.9711223493,0
2010043020016,0,0,0.9693831284,0
2010021070026,0,0,0.9798176333,0
2905302008,0,0,0.9628660487,0
2908003020,0,0,0.8544586333,0
2902110022,0,0,0.9694966416,0
2901304022,0,0,0.9692394027,0
2010080050014,0,0,0.8988552696,0
2911102014,0,0,0.9657549994,0
2010131010009,0,0,0.9379037173,0
2906303009,1,0,0.9800649341,2
2010060010007,0,0,0.9261549609,0
2907105012,1,0,0.6294176056,2
2907102008,0,0,0.9334570794,0
2902102026,0,0,0.8667314034,0
2010084030036,0,0,0.9227293301,0
2908402002,0,0,0.9795237121,0
2010091030003,0,0,0.9634226753,0
2908003026,1,0,0.8813828728,2
2010032020025,0,0,0.9841761943,0
2908008030,0,0,0.9184646228,0
2903004003,0,0,0.9799579505,0
2010091030023,0,0,0.9380230291,0
2010013120024,0,0,0.9715025811,0
2902103018,0,0,0.9807691156,0
2010127010018,0,0,0.8434126434,0
2907105008,0,0,0.9844119021,0
2913104010,0,0,0.8587987054,0
2010043030014,1,0,0.8291899936,2
2010073020001,0,0,0.9784642087,0
2906001013,0,0,0.9736933132,0
2010051050003,0,0,0.9840834755,0
2906003002,1,0,0.6945497781,2
2904302025,0,0,0.9656575271,0
2010021090019,0,0,0.9650930967,0
2010021070027,0,0,0.9816757424,0
2908401025,0,0,0.9838641094,0
2010054030024,0,0,0.9519570635,0
2905403004,0,0,0.9843056065,0
2010091010029,0,0,0.9711761435,0
2010102010006,0,0,0.8795038764,0
2912602031,1,0,0.5398063906,2
2010052010023,0,0,0.9867486847,0
2905103006,0,0,0.7574574796,0
2010082020026,0,0,0.8988917382,0
2908006014,0,0,0.9193714171,0
2010080090021,0,0,0.9856590129,0
2010013040025,0,0,0.9715542476,0
2010131040010,0,0,0.9159652123,0
2902002030,1,0,0.8897556778,2
2908002022,0,0,0.9506947048,0
2913102025,0,0,0.852322144,0
2010127010028,0,0,0.8788574942,0
2913102002,0,0,0.8940331854,0
2010042050018,0,0,0.9762691828,0
2010060030006,0,0,0.9727612234,0
2010073060004,1,0,0.7800343676,2
2010101010010,0,0,0.9085645661,0
2010124010020,0,0,0.8828377262,0
2010021020010,0,0,0.9189307074,0
2903004001,0,0,0.9677241174,0
2902104028,0,0,0.9686217215,0
2010071050021,0,0,0.9851672847,0
2010013090015,0,0,0.9057687261,0
2906007027,0,0,0.8504520563,0
2010060070033,0,0,0.910204629,0
2911102003,0,0,0.963105349,0
2010060020003,0,0,0.9584281755,0
2010111010012,0,0,0.9848575191,0
2903203012,0,0,0.9799210401,0
2010131030027,0,0,0.8773767673,0
2010126010027,0,0,0.9034020528,0
2010001040005,0,0,0.8968882895,0
2010030010022,0,0,0.9784927911,0
2902101022,0,0,0.9403824013,0
2010080020022,0,0,0.9825776552,0
2010021040032,0,0,0.9813841481,0
2010101010020,0,0,0.8719853008,0
2010021060006,0,0,0.9481899096,0
2010071040028,0,0,0.966724816,0
2912401028,0,0,0.6945497781,0
2903101029,0,0,0.937316188,0
2908403010,0,0,0.9847372168,0
2010060020028,0,0,0.8737702694,0
2901203002,0,0,0.9813272482,0
2903103006,0,0,0.8414295648,0
2910102024,0,0,0.9221607295,0
2010054040020,0,0,0.982779184,0
2010030050007,0,0,0.9599013632,0
2902105006,0,0,0.9660251888,0
2010080020027,0,0,0.8875874436,0
2906303030,0,0,0.9158281694,0
2904204021,0,0,0.7550363519,0
2913201019,0,0,0.7898282276,0
2010042050003,0,0,0.9560957711,0
2010071060017,0,0,0.9476358766,0
2010020010005,1,0,0.9120511926,2
2903202002,0,0,0.969862864,0
2909202016,1,0,0.6684510267,2
2010082020011,0,0,0.9849292968,0
2902105011,0,0,0.9839817342,0
2912801005,0,0,0.9095980419,0
2904203011,0,0,0.8504114111,0
2901203003,1,0,0.6154394551,2
2010080090009,0,0,0.8320568872,0
2010032010006,1,0,0.9062845562,2
2908001019,0,0,0.8741518159,0
2010053020028,0,0,0.974166956,0
2010013030023,0,0,0.9041162075,0
2010124010008,0,0,0.9276787926,0
2010080090015,0,0,0.9133557816,0
2913101030,0,0,0.7898282276,0
2901201028,1,0,0.5169084508,2
2010063050010,0,0,0.8750576132,0
2010084020015,0,0,0.9271446624,0
2010033030030,0,0,0.964684814,0
2010060040004,0,0,0.8277603773,0
2904202008,0,0,0.9385589878,0
2010073020030,0,0,0.9258537191,0
2010043010015,0,0,0.8819864629,0
2010053010001,0,0,0.8977259074,0
2010073040022,0,0,0.9835909479,0
2010071020032,0,0,0.9841048012,0
2010013070013,0,0,0.7613981037,0
2904102008,0,0,0.9530334892,0
2904101022,0,0,0.9682762166,0
2010080050015,0,0,0.9539517221,0
2908002032,0,0,0.870206153,0
2907301014,0,0,0.9850708727,0
2010033030001,0,0,0.9757812127,0
2902107020,0,0,0.9689992924,0
2010023010007,0,0,0.9670445526,0
2902101036,0,0,0.9713234013,0
2010054020017,0,0,0.9454654193,0
2010052010008,1,0,0.9655960014,2
2908201019,0,0,0.9681209537,0
2902110028,0,0,0.9795319296,0
2010092010011,0,0,0.824388147,0
2010021120032,0,0,0.9613214342,0
2010092010021,0,0,0.9806993118,0
2906001031,0,0,0.9715286917,0
2912401027,0,0,0.8384414945,0
2010080090001,0,0,0.9697572839,0
2010092020023,0,0,0.8873118,0
2901307016,1,0,0.8955982064,2
2901305030,0,0,0.8902326282,0
2010063040016,0,0,0.9836505022,0
2010033050022,0,0,0.9488410549,0
2010111010002,0,0,0.9531965628,0
2903203034,0,0,0.9816370072,0
2904102024,0,0,0.8925203738,0
2903304024,0,0,0.948655575,0
2902002015,0,0,0.9337956082,0
2010091020003,0,0,0.888292869,0
2906003030,0,0,0.9773581099,0
2010032010018,0,0,0.9833771716,0
2010011020028,0,0,0.9455969788,0
2923105008,0,0,0.5241833714,0
2902111028,0,0,0.9676266884,0
2010131030012,0,0,0.9116080941,0
2010080010018,0,0,0.9213263463,0
2010013110008,0,0,0.9613376793,0
2010053020026,0,0,0.9863133939,0
2010021050031,0,0,0.9843287632,0
2010060050030,1,0,0.9128446625,2
2902302021,0,0,0.9758268139,0
2010071050027,0,0,0.9846927557,0
2010025020007,0,0,0.8957213486,0
2903101028,0,0,0.9692273381,0
2913103025,0,0,0.8627201197,0
2010063020015,0,0,0.8966873762,0
2010042040015,0,0,0.9812712186,0
2923105032,0,0,0.5647593692,0
2923101012,0,0,0.7492608135,0
2010013090017,0,0,0.9747685399,0
2907305026,0,0,0.9534792122,0
2010080070015,0,0,0.86243517,0
2010032010020,0,0,0.9340930729,0
2010033040021,0,0,0.9839637748,0
2909102021,1,1,0.421378529,3
2010021060010,0,0,0.9844113611,0
2010063030033,0,0,0.9243875422,0
2010092020019,0,0,0.9498855919,0
2010021080015,0,0,0.9625922471,0
2010063040025,0,0,0.8980787438,0
2909102006,0,0,0.9729964125,0
2908202009,0,0,0.9738800015,0
2010052010031,0,0,0.9443104859,0
2010126030008,1,0,0.7139923232,2
2010080070023,0,0,0.9710596292,0
2901203005,1,0,0.8168127363,2
2910201024,0,0,0.6945497781,0
2010102010029,0,0,0.6945497781,0
2010080030015,0,0,0.9626434782,0
2902501027,0,0,0.9829803076,0
2906306012,0,0,0.9191104181,0
2902002011,0,0,0.9096349401,0
2010082010023,0,0,0.9417743045,0
2010013130005,0,0,0.8394565715,0
2903002011,0,0,0.9738078507,0
2010023010025,0,0,0.9829684857,0
2902002017,0,0,0.980062211,0
2010231050024,0,0,0.960407139,0
2010054010016,0,0,0.9653387351,0
2908004003,0,0,0.9741366294,0
2923103024,0,0,0.9019854092,0
2010033010022,0,0,0.9698486192,0
2010054020007,0,0,0.9557525993,0
2901301037,0,0,0.9856161696,0
2907301008,0,0,0.9294273402,0
2902112029,0,0,0.9409324975,0
2010101010018,0,0,0.8129125587,0
2902108022,0,0,0.8583781855,0
2902111003,1,0,0.9488093641,2
2908401024,0,0,0.9641070777,0
2010071050013,0,0,0.8076994377,0
2907106011,0,0,0.982010986,0
2010231060029,0,0,0.9862288116,0
2010082010009,0,0,0.9831198923,0
2904203010,0,0,0.9673753876,0
2010001020009,1,0,0.8619305445,2
2010060070024,0,0,0.8676028132,0
2910101011,0,0,0.6945497781,0
2010043020019,0,0,0.8722185,0
2010080010002,0,0,0.9802020845,0
2010025010010,0,0,0.7209981903,0
2010080030026,0,0,0.8479204539,0
2907301019,0,0,0.5216837716,0
2906007033,0,0,0.9767143387,0
2010131020023,0,0,0.9275797834,0
2906002012,0,0,0.9686381711,0
2010080040019,0,0,0.9798848198,0
2903102032,0,0,0.972219168,0
2902001002,0,0,0.9685231731,0
2010025010016,0,0,0.9726076242,0
2901311004,0,0,0.944222653,0
2905404018,0,0,0.9651434355,0
2010071040025,0,0,0.9735011526,0
2905402004,0,0,0.9306613167,0
2901308011,0,0,0.980945966,0
2010013030013,0,0,0.974119188,0
2905102026,0,0,0.966633782,0
2010084010004,0,0,0.9828900469,0
2010021070029,1,0,0.6625262546,2
2010080040005,0,0,0.9710810681,0
2010091030013,0,0,0.9540562147,0
2010013050015,0,0,0.7830709439,0
2910202019,0,0,0.6945497781,0
2010013030022,0,0,0.9227071032,0
2010054020004,0,0,0.9238362663,0
2902107001,1,0,0.7073834562,2
2910201032,0,0,0.9141115436,0
2010111020030,0,0,0.950665063,0
2910201005,0,0,0.8805021149,0
2902003003,1,1,0.4530300157,3
2010092020017,0,0,0.9836342967,0
2906002013,1,0,0.7003898021,2
2010080030001,0,0,0.9277826964,0
2010030020027,0,0,0.9827327406,0
2010013120020,0,0,0.9532198089,0
2905403022,0,0,0.8516279404,0
2010021010019,0,0,0.9179963377,0
2910101034,0,0,0.9154471179,0
2905103014,0,0,0.8977677232,0
2010071040001,1,0,0.815031803,2
2010231050021,0,0,0.9545209616,0
2010101020005,0,0,0.8819878445,0
2905404006,0,0,0.9838890368,0
2010021040006,0,0,0.9840184747,0
2010127020009,0,0,0.8494163607,0
2908003009,0,0,0.9767201065,0
2010032030007,0,0,0.930936923,0
2010073020021,0,0,0.9564773212,0
2010231020016,0,0,0.9823289241,0
2906302011,0,0,0.9747847692,0
2901304019,1,0,0.8634660269,2
2010051050005,0,0,0.8304041456,0
2010073060005,0,0,0.9755862335,0
2902301005,0,0,0.9679624262,0
2010043010026,0,0,0.9821160664,0
2010071020005,0,0,0.9338621904,0
2010080030020,0,0,0.9860868581,0
2010111030033,0,0,0.9683200858,0
2010063010003,0,0,0.9659941567,0
2010020040035,0,0,0.9813361887,0
2923102028,0,0,0.9237705613,0
2903301018,0,0,0.9714370777,0
2010030030016,0,0,0.9814719212,0
2903303002,0,0,0.9828779337,0
2010041020012,1,0,0.7798863963,2
2010013040029,0,0,0.9442532114,0
2909202019,0,0,0.947239013,0
2010012030036,0,0,0.9194773273,0
2902502021,0,0,0.7864562779,0
2010051020019,0,0,0.9609405174,0
2010021040010,0,0,0.9637437719,0
2904101020,0,0,0.9665108668,0
2010071060014,0,0,0.9096928724,0
2913101008,0,0,0.8054540912,0
2010030040001,0,0,0.9816745828,0
2902501004,0,0,0.8466119724,0
2010013040015,1,0,0.972261785,2
2010231020022,0,0,0.9684668369,0
2903004006,0,0,0.9700938418,0
2010021060012,0,0,0.9321396419,0
2906003005,1,0,0.6945497781,2
2906305002,0,0,0.9534106578,0
2902109004,0,0,0.8717876303,0
2901311033,0,0,0.9668882441,0
2010013120002,0,0,0.938969478,0
2010052010013,0,0,0.9326736798,0
2010060050004,0,0,0.9842122729,0
2010030010020,0,0,0.9876206516,0
2010043020022,0,0,0.9279355663,0
2900102004,0,0,0.6945497781,0
2010013120008,0,0,0.7713678163,0
2901301017,0,0,0.8896745614,0
2010013080006,0,0,0.884831059,0
2903203013,1,0,0.7791282853,2
2902103019,1,0,0.9666816164,2
2911101033,0,0,0.9473998845,0
2010020020024,0,0,0.9598028989,0
2903002033,0,0,0.9247232938,0
2010051030013,0,0,0.9778757005,0
2911101018,0,0,0.9779305579,0
2010102010012,0,0,0.9246811781,0
2903203028,0,0,0.5620397478,0
2901201024,0,0,0.9160272325,0
2010127010006,1,0,0.6945497781,2
2010051050028,0,0,0.9702823339,0
2010033010018,0,0,0.9371708552,0
2906001015,0,0,0.8926641187,0
2010111020024,0,0,0.8252291198,0
2902101023,0,0,0.9251169617,0
2912701008,0,0,0.7809488862,0
2010091020012,0,0,0.9851055503,0
2010020030017,0,0,0.9221384647,0
2903003023,0,0,0.9660321689,0
2010051010026,0,0,0.9818781464,0
2923104027,1,0,0.6945497781,2
2010127030013,0,0,0.9383257734,0
2902102011,0,0,0.9704932229,0
2912702007,0,0,0.7809488862,0
2902105031,0,0,0.9395552348,0
2010013130006,0,0,0.9648959935,0
2901304025,0,0,0.982123612,0
2010013110017,0,0,0.9831817272,0
2908001002,0,0,0.9833439765,0
2905201030,0,0,0.9786120767,0
2010126010026,0,0,0.9577645592,0
2010011010006,0,0,0.9521297909,0
2010030050019,0,0,0.8820649272,0
2010071010006,0,0,0.9537295268,0
2905105007,0,0,0.9796423782,0
2908403028,0,0,0.8901965712,0
2903003033,0,0,0.9563189876,0
2010012010027,0,0,0.9771367074,0
2010054030026,0,0,0.986587463,0
2902108020,0,0,0.9778323557,0
2906004021,0,0,0.9586425627,0
2906004018,0,0,0.9700237977,0
2901203035,0,0,0.9430309881,0
2908202005,0,0,0.8878738202,0
2902103031,0,0,0.9842854364,0
2010080050019,0,0,0.9496695843,0
2010013130007,0,0,0.9466397264,0
2010054040031,0,0,0.9501324261,0
2901305011,1,0,0.9171560534,2
2010020020022,0,0,0.9181765721,0
2923104029,0,0,0.948416617,0
2902001028,1,0,0.9800306999,2
2010030030014,1,0,0.7767970669,2
2903301009,0,0,0.9288911403,0
2010034010007,0,0,0.9689903596,0
2912401001,0,0,0.6945497781,0
2912701002,0,0,0.8757620877,0
2902102007,0,0,0.9600782006,0
2905105025,1,0,0.9192609297,2
2901308025,1,0,0.7193584399,2
2903202025,0,0,0.9111920022,0
2010080100003,0,0,0.9796071977,0
2905104017,1,0,0.8506516689,2
2907101030,0,0,0.92887477,0
2010131030011,0,0,0.898824692,0
2909201021,0,0,0.9377230954,0
2010131030019,0,0,0.9244946104,0
2906305015,1,0,0.818905046,2
2010042010005,0,0,0.5815978222,0
2902004011,0,0,0.9355747198,0
2010092010009,0,0,0.9108069843,0
2010053010031,0,0,0.9349597823,0
2010013080032,0,0,0.9856172771,0
2010030030024,0,0,0.9841062875,0
2010013010011,0,0,0.9830350009,0
2010071030012,0,0,0.9538559587,0
2902110011,0,0,0.9658487173,0
2010012010004,0,0,0.9835581782,0
2010091020021,1,0,0.5666648446,2
2010051010023,0,0,0.8962308658,0
2010012020006,0,0,0.9602584631,0
2010013080011,0,0,0.9821347515,0
2905401032,0,0,0.970803048,0
2908002025,0,0,0.9587020539,0
2010013130015,0,0,0.9783938194,0
2010021080033,0,0,0.90674454,0
2010063020002,0,0,0.9596113683,0
2904202014,0,0,0.9830902824,0
2901301002,0,0,0.9725520785,0
2010013080015,0,0,0.9623191142,0
2010051020013,0,0,0.9019689012,0
2010032030029,0,0,0.9595296565,0
2010080080026,0,0,0.9857848971,0
2908003028,0,0,0.984877726,0
2902002007,0,0,0.9737013149,0
2010013130027,0,0,0.9794326916,0
2010060050031,1,0,0.7405259754,2
2010231020017,0,0,0.964831822,0
2010041020022,0,0,0.9108958948,0
2010034010020,0,0,0.8357039899,0
2010231050020,1,0,0.9429405769,2
2010231030025,0,0,0.895162762,0
2904203004,0,0,0.9586677242,0
2010013070033,0,0,0.9495369731,0
2010043020014,0,0,0.9829904839,0
2010041020028,0,0,0.9274813451,0
2903302005,0,0,0.9770065227,0
2010013100020,0,0,0.9498665761,0
2010073040008,0,0,0.9657906468,0
2010053020008,0,0,0.9706339954,0
2010231030003,1,0,0.8485726666,2
2901311012,0,0,0.9794213121,0
2010042010020,0,0,0.9307667984,0
2010082020002,0,0,0.9535998335,0
2010013120017,0,0,0.7565369304,0
2010033040024,0,0,0.9683080571,0
2905103002,0,0,0.9707032108,0
2906304011,0,0,0.9779964425,0
2905301029,0,0,0.9356850974,0
2010052010011,0,0,0.9626050611,0
2010054050023,1,0,0.8365759461,2
2906302002,0,0,0.9792900882,0
2010127010014,0,0,0.9411723156,0
2010231050007,0,0,0.9230759023,0
2901312034,0,0,0.9820003132,0
2904101009,0,0,0.733436282,0
2906005020,0,0,0.9659125076,0
2902103030,0,0,0.9706624635,0
2905103013,1,0,0.6945497781,2
2010231050005,0,0,0.9458807397,0
2010001040004,0,0,0.9252212968,0
2010013020034,0,0,0.9408255786,0
2906003008,0,0,0.9718348259,0
2903203021,0,0,0.9145946633,0
2903402007,0,0,0.9166760698,0
2906006022,0,0,0.9222263714,0
2908001003,0,0,0.7969024278,0
2010013060025,0,0,0.9385821941,0
2010082020015,0,0,0.9579779003,0
2903401016,0,0,0.9616120008,0
2010054040015,0,0,0.9073555751,0
2010021030003,0,0,0.9816913661,0
2010091020004,0,0,0.9682241012,0
2910101002,1,0,0.8407176469,2
2010013010009,0,0,0.9867347126,0
2010131040018,0,0,0.8577853714,0
2909201027,0,0,0.9458836506,0
2010231050030,0,0,0.9777361054,0
2902111021,0,0,0.8940003563,0
2010043020021,0,0,0.9861271014,0
2902001010,0,0,0.9670680563,0
2010021090013,0,0,0.9538016183,0
2010073050026,0,0,0.9856087704,0
2902502005,0,0,0.9654940299,0
2903202014,0,0,0.9663243583,0
2901203023,0,0,0.8674855738,0
2010060070035,0,0,0.9337720038,0
2903102005,0,0,0.977755462,0
2903402019,1,0,0.5046650257,2
2010054010014,0,0,0.9792669852,0
2904202025,0,0,0.9343467936,0
2905301012,0,0,0.9358834579,0
2911103033,1,0,0.9669678106,2
2010080100015,0,0,0.940137273,0
2923105002,0,0,0.5007809867,0
2901101012,0,0,0.9842873868,0
2906005013,0,0,0.9545000935,0
2010080070009,0,0,0.9384670649,0
2901304034,0,0,0.9826697575,0
2902003004,0,0,0.9848092327,0
2901305020,0,0,0.7307487369,0
2906007014,0,0,0.8102927214,0
2902109027,0,0,0.9621436826,0
2923104032,0,0,0.9440513713,0
2010091020002,0,0,0.9674382482,0
2908403008,0,0,0.962324106,0
2010031030031,0,0,0.9748268196,0
2010025020012,0,0,0.9183788892,0
2010031020001,0,0,0.8854028683,0
2901308002,0,0,0.9752965534,0
2908001032,0,0,0.973112726,0
2010033030026,1,0,0.8598070296,2
2923102023,0,0,0.8673061611,0
2905103019,0,0,0.955606962,0
2906304013,0,0,0.9783043408,0
2912601019,0,0,0.8112908648,0
2010111030022,0,0,0.9392930097,0
2901302023,0,0,0.9711521369,0
2010054020016,0,0,0.9788951611,0
2010023020005,0,0,0.9847164873,0
2906305030,0,0,0.9437309826,0
2907103018,0,0,0.951736376,0
2010042050010,0,0,0.9833571004,0
2906002023,0,0,0.973661439,0
2010126010017,0,0,0.8821689338,0
2010072010019,0,0,0.9865032037,0
2902110008,0,0,0.955208626,0
2907106019,0,0,0.9733993463,0
2010126020016,0,0,0.9554103245,0
2905103028,0,0,0.9066048333,0
2010063060007,1,0,0.8133538151,2
2010021030020,0,0,0.9794417573,0
2923101022,0,0,0.9466675164,0
2923101015,1,0,0.5824526783,2
2910101013,0,0,0.8883091177,0
2904302020,0,0,0.9790359174,0
2923104007,0,0,0.9234306623,0
2907104019,0,0,0.9160001453,0
2903005029,0,0,0.9649715045,0
2904204014,0,0,0.9653920489,0
2010021050022,0,0,0.9424828599,0
2902106025,0,0,0.9824119773,0
2010043010007,0,0,0.9767809982,0
2010132010030,0,0,0.9208677025,0
2010051030012,0,0,0.8673510286,0
2010032030003,0,0,0.9832763822,0
2904301019,0,0,0.9560665531,0
2913201011,0,0,0.6945497781,0
2010080040010,1,0,0.7982487918,2
2010126020014,0,0,0.9306063767,0
2902106015,0,0,0.9755429048,0
2010231010002,0,0,0.9706406967,0
2902106013,0,0,0.9669485358,0
2010091030021,0,0,0.9431774017,0
2901203004,0,0,0.9162390767,0
2010131030025,0,0,0.8411982135,0
2010013020013,0,0,0.9877706006,0
2904102004,0,0,0.8190006568,0
2902302008,1,0,0.8798356072,2
2912701018,0,0,0.7809488862,0
2923104001,0,1,0.4946441545,1
2902103014,0,0,0.9583168816,0
2010013020028,0,0,0.9406081202,0
2912602005,1,1,0.401371926,3
2010021090035,0,0,0.8193516973,0
2905301030,0,0,0.9856017128,0
2909201006,0,0,0.948074654,0
2010071060032,0,0,0.9836141024,0
2010052020017,0,0,0.9712266798,0
2010042030027,0,0,0.9872476464,0
2010052020031,0,0,0.9615851767,0
2901303003,0,0,0.9441455887,0
2010051030004,0,0,0.8557394021,0
2010030040016,0,0,0.9843165723,0
2010042010021,0,0,0.9734095474,0
2904301012,0,0,0.9280731723,0
2010126010033,0,0,0.9230417575,0
2010012030006,0,0,0.9203193516,0
2010126030012,1,0,0.6945497781,2
2901102029,0,0,0.9815154697,0
2010054040026,0,0,0.9801369848,0
2010034020016,0,0,0.9196399257,0
2906003017,0,0,0.9809241133,0
2902105017,0,0,0.9706898627,0
2010025020024,0,0,0.9843524536,0
2010054040022,0,0,0.7976597605,0
2010023020031,1,0,0.8311376541,2
2902112004,0,0,0.9487320757,0
2010060010036,0,0,0.9755348977,0
2923105029,0,0,0.9748749091,0
2901306025,0,0,0.9708233253,0
2010071060024,0,0,0.9676718827,0
2010071060013,1,0,0.8482722482,2
2906003014,0,0,0.7185313658,0
2010102010023,0,0,0.8862065144,0
2010084010028,0,0,0.9568250969,0
2010021040003,0,0,0.9624753209,0
2010030010008,0,0,0.8955025274,0
2010091010007,0,0,0.9664834397,0
2010023010029,0,0,0.9836845758,0
2010073040028,0,0,0.9677722304,0
2901308003,0,0,0.9865936132,0
2010030010021,0,0,0.938102765,0
2010033030031,0,0,0.9783232908,0
2010013060006,0,0,0.9717055296,0
2010084020013,0,0,0.9876660211,0
2010231040030,0,0,0.9676022488,0
2903303001,0,0,0.9577516279,0
2907303022,0,0,0.9596070048,0
2010012030013,0,0,0.9767982044,0
2907301002,0,0,0.8943200277,0
2010091030022,0,0,0.9361863833,0
2010030050008,0,0,0.9839914535,0
2907303007,0,0,0.9829161429,0
2010013080024,0,0,0.8594957379,0
2908002010,0,0,0.9757697389,0
2904102013,0,0,0.8522968005,0
2010111030018,0,0,0.9685598873,0
2902104031,0,0,0.9719136566,0
2010060060025,0,0,0.8266409524,0
2901102027,0,0,0.9862034784,0
2901203019,0,0,0.9565864032,0
2901306034,0,0,0.7957188074,0
2903303004,0,0,0.914625056,0
2010082010010,0,0,0.8550540898,0
2904201015,0,0,0.9715210392,0
2908004018,0,0,0.9052655321,0
2913102027,0,0,0.8658205077,0
2010021070016,0,0,0.9851578855,0
2908004013,0,0,0.9541740129,0
2908401004,0,0,0.97798996,0
2010060020018,0,0,0.9756808594,0
2010126010031,0,0,0.9849521386,0
2910201010,0,0,0.9216847446,0
2902105009,0,0,0.8942659623,0
2010101010016,0,0,0.9241365001,0
2903103028,0,0,0.9207694978,0
2010073020020,0,0,0.9712707526,0
2902104002,0,0,0.9122912671,0
2010030010032,1,1,0.4972336311,3
2903002007,0,0,0.9686991278,0
2010053010020,0,0,0.9798312033,0
2010071040012,0,0,0.935101806,0
2905402016,0,0,0.9280434244,0
2901308030,0,0,0.8115539311,0
2010051020030,0,0,0.9756261074,0
2905301011,0,0,0.9642414472,0
2908001034,0,0,0.9262464027,0
2010111040003,1,0,0.7642544913,2
2904202015,0,0,0.9801051127,0
2010013060004,0,0,0.9625740961,0
2903301021,1,0,0.9322026664,2
2010021100007,0,0,0.824520442,0
2903202021,0,0,0.9853215275,0
2901102005,0,0,0.9637381802,0
2010071030001,0,0,0.982538735,0
2010054050017,0,0,0.9809434968,0
2902106033,0,0,0.9638799958,0
2010063060036,0,0,0.9811804607,0
2010092020022,0,0,0.929002226,0
2904204027,0,0,0.9849378937,0
2907201028,0,0,0.9703931537,0
2010054040021,0,0,0.9817783998,0
2905301023,0,0,0.9623215152,0
2908005011,0,0,0.9794015133,0
2010031020027,1,0,0.9555937994,2
2010091020028,0,0,0.9147431734,0
2010030040002,0,0,0.9814930159,0
2010073050028,0,0,0.9794363461,0
2010032020014,0,0,0.8646305707,0
2010013100019,1,0,0.9563527197,2
2906301013,0,0,0.5817114419,0
2010051030001,0,0,0.9568042013,0
2906004014,0,0,0.6635984531,0
2010102010016,0,0,0.8987571298,0
2902108006,0,0,0.9669918813,0
2902106016,0,0,0.9771413311,0
2907105021,0,0,0.841859145,0
2908006028,0,0,0.9233225532,0
2010131030002,0,0,0.9073363905,0
2010013140015,0,0,0.9806485733,0
2902004009,0,0,0.9848638085,0
2010111040022,0,0,0.8541515328,0
2906003027,0,0,0.969190245,0
2901302003,0,0,0.9644412422,0
2010063020017,0,0,0.7511397066,0
2901310037,0,0,0.9712832317,0
2010021050029,0,0,0.9710834353,0
2912602008,0,0,0.9618679604,0
2010052010027,0,0,0.9829444514,0
2904201018,0,0,0.9857951915,0
2010030010006,0,0,0.9341517096,0
2010080090018,0,0,0.9849522578,0
2010032020020,0,0,0.9641492539,0
2907103010,1,0,0.9097188959,2
2010041010017,0,0,0.9407099699,0
2010011010009,0,0,0.9677911123,0
2010021110034,0,0,0.8695394466,0
2010051030028,0,0,0.951399359,0
2010013030025,0,0,0.9825319688,0
2010025020014,0,0,0.9649481402,0
2010101020030,0,0,0.9091194426,0
2010080080023,0,0,0.978019704,0
2911101031,0,0,0.9343615445,0
2010042030019,0,0,0.9749089246,0
2010080090014,0,0,0.9853962627,0
2010080100025,1,0,0.6132569938,2
2010071020014,0,0,0.9784631939,0
2908001008,0,0,0.9593553389,0
2010080090011,0,0,0.9534475202,0
2010073030035,0,0,0.8748091378,0
2906006016,0,0,0.9642187909,0
2010013050002,0,0,0.9842404341,0
2010052020013,1,0,0.8950819393,2
2010030030013,1,0,0.5290962265,2
2910102025,0,0,0.7803333763,0
2902110016,0,0,0.9663049177,0
2010021050016,0,0,0.9527000827,0
2911102001,0,0,0.9707029364,0
2010071030015,0,0,0.5624927091,0
2010060050026,0,0,0.9516232864,0
2906007032,0,0,0.9700431338,0
2010032020022,0,0,0.9444653613,0
